Model Name,R^2 Score
Random Forest,0.5783617249971119
Linear Model,0.5637967303767775
Decision Tree,0.1652076905726384
