Model Name,R^2 Score
Random Forest,0.29968168101664183
Linear Model,-1.4495293301138168
Decision Tree,0.041849225334329554
